0,SL NO.,INPUT POINT,OUTPUT POINT,"LOWERLIMIT","UPPERLIMIT","MEASUREDVALUE",UNITS,RESULT
,1),GSE TEST INPUT:CHANNEL-1 ROE TEST INPUT,,,,,,
1,1,0V at J3/B11(J1/B1=FALSE),P3/A1&P3/B1,-0.1,0.1,0.054992,Volts DC,PASS
2,2,9V at J3/B11(J1/B1=FALSE),P3/A1&P3/B1,9.8,10.2,9.889893,Volts DC,PASS
3,3,-9V at J3/B11(J1/B1=FALSE),P3/A1&P3/B1,-10.2,-9.8,-9.914006,Volts DC,PASS
4,4,9V at J3/B11(J1/B1=TRUE),P3/A1&P3/B1,-0.1,0.1,-0.1,Volts DC,PASS
5,5,9V at J3/B11(J1/B1=FALSE),P3/A1&P3/B1,9.8,10.2,9.958627,Volts DC,PASS
6,2),GSE TEST INPUT:CHANNEL-2 LOE TEST INPUT,,,,,,
8,1,0V at J3/B14(J1/B4=FALSE),P3/A4&P3/B4,-0.1,0.1,-0.014402,Volts DC,PASS
9,2,9V at J3/B14(J1/B4=FALSE),P3/A4&P3/B4,9.8,10.2,9.956762,Volts DC,PASS
10,3,-9V at J3/B14(J1/B4=FALSE),P3/A4&P3/B4,-10.2,-9.8,-9.945791,Volts DC,PASS
11,4,9V at J3/B14(J1/B4=TRUE),P3/A4&P3/B4,-0.1,0.1,-0.1,Volts DC,PASS
12,5,9V at J3/B14(J1/B4=FALSE),P3/A4&P3/B4,9.8,10.2,9.977052,Volts DC,PASS
13,3),GSE TEST INPUT:CHANNEL-2 RIE TEST INPUT,,,,,,
15,1,0V at J3/B12(J1/B2=FALSE),P3/A2&P3/B2,-0.1,0.1,-0.001502,Volts DC,PASS
16,2,9V at J3/B12(J1/B2=FALSE),P3/A2&P3/B2,9.8,10.2,9.960649,Volts DC,PASS
17,3,-9V at J3/B12(J1/B2=FALSE),P3/A2&P3/B2,-10.2,-9.8,-9.956273,Volts DC,PASS
18,4,9V at J3/B12(J1/B2=TRUE),P3/A2&P3/B2,-0.1,0.1,-0.1,Volts DC,PASS
19,5,9V at J3/B12(J1/B2=FALSE),P3/A2&P3/B2,9.8,10.2,9.975827,Volts DC,PASS
20,4),GSE TEST INPUT:CHANNEL-1 LIE TEST INPUT,,,,,,
22,1,0V at J3/B13(J1/B3=FALSE),P3/A3&P3/B3,-0.1,0.1,-0.013428,Volts DC,PASS
23,2,9V at J3/B13(J1/B3=FALSE),P3/A3&P3/B3,9.8,10.2,9.953183,Volts DC,PASS
24,3,-9V at J3/B13(J1/B3=FALSE),P3/A3&P3/B3,-10.2,-9.8,-9.982843,Volts DC,PASS
25,4,9V at J3/B13(J1/B3=TRUE),P3/A3&P3/B3,-0.1,0.1,-0.1,Volts DC,PASS
26,5,9V at J3/B13(J1/B3=FALSE),P3/A3&P3/B3,9.8,10.2,9.978702,Volts DC,PASS
27,5),GSE TEST INPUT:CHANNEL-1 RUD TEST INPUT,,,,,,
29,1,0V at J3/B15(J1/B5=FALSE),P3/A5&P3/B5,-0.1,0.1,-0.013454,Volts DC,PASS
30,2,9V at J3/B15(J1/B5=FALSE),P3/A5&P3/B5,9.8,10.2,9.948757,Volts DC,PASS
31,3,-9V at J3/B15(J1/B5=FALSE),P3/A5&P3/B5,-10.2,-9.8,-9.977006,Volts DC,PASS
32,4,9V at J3/B15(J1/B5=TRUE),P3/A5&P3/B5,-0.1,0.1,-0.1,Volts DC,PASS
33,5,9V at J3/B15(J1/B5=FALSE),P3/A5&P3/B5,9.8,10.2,9.973798,Volts DC,PASS
34,6),GSE TEST INPUT:CHANNEL-1 ROS TEST INPUT,,,,,,
36,,0V at J3/B16,P3/A9&P3/B9,-0.1,0.1,-0.000661,Volts DC,PASS
37,,9V at J3/B16,P3/A9&P3/B9,9.8,10.2,9.991745,Volts DC,PASS
38,,-9V at J3/B16,P3/A9&P3/B9,-10.2,-9.8,-9.992256,Volts DC,PASS
39,,0V at J3/B16,J3/A1&GND,-0.1,0.1,0.006652,Volts DC,PASS
40,,9V at J3/B16,J3/A1&GND,9.8,10.2,-9.984631,Volts DC,PASS
41,,-9V at J3/B16,J3/A1&GND,-10.2,-9.8,9.997443,Volts DC,PASS
42,7),GSE TEST INPUT:CHANNEL-2 RMS TEST INPUT,,,,,,
44,1,0V at J3/B19,P3/A10&P3/B10,-0.1,0.1,-0.007001,Volts DC,PASS
45,2,9V at J3/B19,P3/A10&P3/B10,9.8,10.2,9.946944,Volts DC,PASS
46,3,-9V at J3/B19,P3/A10&P3/B10,-10.2,-9.8,-9.978485,Volts DC,PASS
47,4,0V at J3/B19,J3/A4&GND,-0.1,0.1,0.010685,Volts DC,PASS
48,5,9V at J3/B19,J3/A4&GND,9.8,10.2,-9.953863,Volts DC,PASS
49,6,-9V at J3/B19,J3/A4&GND,-10.2,-9.8,9.981773,Volts DC,PASS
50,8),GSE TEST INPUT:CHANNEL-2 RIS TEST INPUT,,,,,,
52,1,0V at J3/B20,P3/A11&P3/B11,-0.1,0.1,-0.001763,Volts DC,PASS
53,2,9V at J3/B20,P3/A11&P3/B11,9.8,10.2,9.969832,Volts DC,PASS
54,3,-9V at J3/B20,P3/A11&P3/B11,-10.2,-9.8,-9.977077,Volts DC,PASS
55,4,0V at J3/B20,J3/A5&GND,-0.1,0.1,0.010375,Volts DC,PASS
56,5,9V at J3/B20,J3/A5&GND,9.8,10.2,-9.968234,Volts DC,PASS
57,6,-9V at J3/B20,J3/A5&GND,-10.2,-9.8,9.98484,Volts DC,PASS
58,9),GSE TEST INPUT:CHANNEL-1 LOS TEST INPUT,,,,,,
60,1,0V at J3/B17,P3/A7&P3/B7,-0.1,0.1,-0.00476,Volts DC,PASS
61,2,9V at J3/B17,P3/A7&P3/B7,9.8,10.2,9.952012,Volts DC,PASS
62,3,-9V at J3/B17,P3/A7&P3/B7,-10.2,-9.8,-9.970808,Volts DC,PASS
63,4,0V at J3/B17,J3/A2&GND,-0.1,0.1,0.007852,Volts DC,PASS
64,5,9V at J3/B17,J3/A2&GND,9.8,10.2,-9.957918,Volts DC,PASS
65,6,-9V at J3/B17,J3/A2&GND,-10.2,-9.8,9.975132,Volts DC,PASS
66,10),GSE TEST INPUT:CHANNEL-2 LMS TEST INPUT,,,,,,
68,1,0V at J3/B21,P3/A8&P3/B8,-0.1,0.1,-0.0052,Volts DC,PASS
69,2,9V at J3/B21,P3/A8&P3/B8,9.8,10.2,9.948517,Volts DC,PASS
70,3,-9V at J3/B21,P3/A8&P3/B8,-10.2,-9.8,-9.975579,Volts DC,PASS
71,4,0V at J3/B21,J3/A6&GND,-0.1,0.1,0.008462,Volts DC,PASS
72,5,9V at J3/B21,J3/A6&GND,9.8,10.2,-9.957326,Volts DC,PASS
73,6,-9V at J3/B21,J3/A6&GND,-10.2,-9.8,9.980602,Volts DC,PASS
74,11),GSE TEST INPUT:CHANNEL-1 LIS TEST INPUT,,,,,,
76,1,0V at J3/B18,P3/A12&P3/B12,-0.1,0.1,-0.001849,Volts DC,PASS
77,2,9V at J3/B18,P3/A12&P3/B12,9.8,10.2,9.981507,Volts DC,PASS
78,3,-9V at J3/B18,P3/A12&P3/B12,-10.2,-9.8,-9.960552,Volts DC,PASS
79,4,0V at J3/B18,J3/A3&GND,-0.1,0.1,0.011237,Volts DC,PASS
80,5,9V at J3/B18,J3/A3&GND,9.8,10.2,-9.970219,Volts DC,PASS
81,6,-9V at J3/B18,J3/A3&GND,-10.2,-9.8,9.975278,Volts DC,PASS
82,12),GSE TEST INPUT:CHANNEL-1 RA TEST INPUT,,,,,,
84,1,0V at J3/B23,P3/A13&P3/B13,-0.1,0.1,-0.007899,Volts DC,PASS
85,2,9V at J3/B23,P3/A13&P3/B13,9.8,10.2,9.948112,Volts DC,PASS
86,3,-9V at J3/B23,P3/A13&P3/B13,-10.2,-9.8,-9.976319,Volts DC,PASS
87,4,0V at J3/B23,J3/A18&GND,-0.1,0.1,0.011402,Volts DC,PASS
88,5,9V at J3/B23,J3/A18&GND,9.8,10.2,-9.956986,Volts DC,PASS
89,6,-9V at J3/B23,J3/A18&GND,-10.2,-9.8,9.98282,Volts DC,PASS
90,13),GSE TEST INPUT:CHANNEL-2 LA TEST INPUT,,,,,,
92,1,0V at J3/B22,P3/A6&P3/B6,-0.1,0.1,-0.000332,Volts DC,PASS
93,2,9V at J3/B22,P3/A6&P3/B6,9.8,10.2,9.987896,Volts DC,PASS
94,3,-9V at J3/B22,P3/A6&P3/B6,-10.2,-9.8,-9.973427,Volts DC,PASS
95,4,0V at J3/B22,J3/A17&GND,-0.1,0.1,0.006558,Volts DC,PASS
96,5,9V at J3/B22,J3/A17&GND,9.8,10.2,-9.985039,Volts DC,PASS
97,6,-9V at J3/B22,J3/A17&GND,-10.2,-9.8,9.97896,Volts DC,PASS
98,14),GSE DISCRETES:CHANNEL-1 SW INTGR-IC,,,,,,
100,1,TRUE at J2/A1,P2/A1&P3/A31,0,10,3.380514,OHMS,PASS
101,2,TRUE at J2/A1,J2/B1&GND,TRUE,TRUE,TRUE,DI,PASS
102,3,FALSE at J2/A1,P2/A1&P3/A32,OPEN,OPEN,OPEN,OHMS,PASS
103,4,FALSE at J2/A1,J2/B1&GND,FALSE,FALSE,FALSE,DI,PASS
104,15),GSE DISCRETES:CHANNEL-1 FAULT SELECT,,,,,,
106,1,TRUE at J2/A2,P2/A2&P3/A33,0,10,3.753544,OHMS,PASS
107,2,TRUE at J2/A2,J2/B2&GND,TRUE,TRUE,TRUE,DI,PASS
108,3,FALSE at J2/A2,P2/A2&P3/A34,OPEN,OPEN,OPEN,OHMS,PASS
109,4,FALSE at J2/A2,J2/B2&GND,FALSE,FALSE,FALSE,DI,PASS
110,,,,,,,,
113,1,TRUE at J2/A3,P2/A3&P3/A35,0,10,3.732015,OHMS,PASS
114,2,TRUE at J2/A3,J2/B3&GND,TRUE,TRUE,TRUE,DI,PASS
115,3,FALSE at J2/A3,P2/A3&P3/A36,OPEN,OPEN,OPEN,OHMS,PASS
116,4,FALSE at J2/A3,J2/B3&GND,FALSE,FALSE,FALSE,DI,PASS
117,17),GSE DISCRETES:CHANNEL-1 GSE CONNECTED,,,,,,
119,1,TRUE at J2/A4,P2/A4&P3/A37,0,10,3.721482,OHMS,PASS
120,2,TRUE at J2/A4,J2/B4&GND,TRUE,TRUE,TRUE,DI,PASS
121,3,FALSE at J2/A4,P2/A4&P3/A38,OPEN,OPEN,OPEN,OHMS,PASS
122,4,FALSE at J2/A4,J2/B4&GND,FALSE,FALSE,FALSE,DI,PASS
123,18),GSE DISCRETES:CHANNEL-1 EPROM ENABLE,,,,,,
125,1,TRUE at J2/A5,P2/A5&P3/A39,0,10,3.576864,OHMS,PASS
126,2,TRUE at J2/A5,J2/B5&GND,TRUE,TRUE,TRUE,DI,PASS
127,3,FALSE at J2/A5,P2/A5&P3/A40,OPEN,OPEN,OPEN,OHMS,PASS
128,4,FALSE at J2/A5,J2/B5&GND,FALSE,FALSE,FALSE,DI,PASS
129,19),GSE DISCRETES:CHANNEL-1 HW RESET,,,,,,
131,1,TRUE at J2/A6,P2/A6&P3/A41,0,10,3.464991,OHMS,PASS
132,2,TRUE at J2/A6,J2/B6&GND,TRUE,TRUE,TRUE,DI,PASS
133,3,FALSE at J2/A6,P2/A6&P3/A42,OPEN,OPEN,OPEN,OHMS,PASS
134,4,FALSE at J2/A6,J2/B6&GND,FALSE,FALSE,FALSE,DI,PASS
135,20),GSE DISCRETES:CHANNEL-1 SW RESET,,,,,,
137,1,TRUE at J2/A7,P2/A7&P3/A43,0,10,4.978386,OHMS,PASS
138,2,TRUE at J2/A7,J2/B7&GND,TRUE,TRUE,TRUE,DI,PASS
139,3,FALSE at J2/A7,P2/A7&P3/A44,OPEN,OPEN,OPEN,OHMS,PASS
140,4,FALSE at J2/A7,J2/B7&GND,FALSE,FALSE,FALSE,DI,PASS
144,1,TRUE at J2/A9,P2/A9&P3/A45,0,10,3.338279,OHMS,PASS
145,2,TRUE at J2/A9,J2/B9&GND,TRUE,TRUE,TRUE,DI,PASS
146,3,FALSE at J2/A9,P2/A9&P3/A46,OPEN,OPEN,OPEN,OHMS,PASS
147,4,FALSE at J2/A9,J2/B9&GND,FALSE,FALSE,FALSE,DI,PASS
148,22),GSE DISCRETES:CHANNEL-2 FAULT SELECT,,,,,,
150,1,TRUE at J2/A10,P2/A10&P3/A47,0,10,2.906686,OHMS,PASS
151,2,TRUE at J2/A10,J2/B10&GND,TRUE,TRUE,TRUE,DI,PASS
152,3,FALSE at J2/A10,P2/A10&P3/A48,OPEN,OPEN,OPEN,OHMS,PASS
153,4,FALSE at J2/A10,J2/B10&GND,FALSE,FALSE,FALSE,DI,PASS
154,23),GSE DISCRETES:CHANNEL-2 TEST INPUT,,,,,,
156,1,TRUE at J2/A11,P2/A11&P3/A49,0,10,2.917174,OHMS,PASS
157,2,TRUE at J2/A11,J2/B11&GND,TRUE,TRUE,TRUE,DI,PASS
158,3,FALSE at J2/A11,P2/A11&P3/A50,OPEN,OPEN,OPEN,OHMS,PASS
159,4,FALSE at J2/A11,J2/B11&GND,FALSE,FALSE,FALSE,DI,PASS
160,24),GSE DISCRETES:CHANNEL-2 GSE CONNECTED,,,,,,
162,1,TRUE at J2/A12,P2/A12&P3/A51,0,10,3.835696,OHMS,PASS
163,2,TRUE at J2/A12,J2/B12&GND,TRUE,TRUE,TRUE,DI,PASS
164,3,FALSE at J2/A12,P2/A12&P3/A52,OPEN,OPEN,OPEN,OHMS,PASS
165,4,FALSE at J2/A12,J2/B12&GND,FALSE,FALSE,FALSE,DI,PASS
166,25),GSE DISCRETES:CHANNEL-2 EPROM ENABLE,,,,,,
168,1,TRUE at J2/A13,P2/A13&P3/A53,0,10,2.772479,OHMS,PASS
169,2,TRUE at J2/A13,J2/B13&GND,TRUE,TRUE,TRUE,DI,PASS
170,3,FALSE at J2/A13,P2/A13&P3/A54,OPEN,OPEN,OPEN,OHMS,PASS
171,4,FALSE at J2/A13,J2/B13&GND,FALSE,FALSE,FALSE,DI,PASS
172,26),GSE DISCRETES:CHANNEL-2 HW RESET,,,,,,
174,1,TRUE at J2/A14,P2/A14&P3/A55,0,10,3.371973,OHMS,PASS
175,2,TRUE at J2/A14,J2/B14&GND,TRUE,TRUE,TRUE,DI,PASS
176,3,FALSE at J2/A14,P2/A14&P3/A56,OPEN,OPEN,OPEN,OHMS,PASS
177,4,FALSE at J2/A14,J2/B14&GND,FALSE,FALSE,FALSE,DI,PASS
178,27),GSE DISCRETES:CHANNEL-2 SW RESET,,,,,,
180,1,TRUE at J2/A15,P2/A15&P3/A57,0,10,3.244512,OHMS,PASS
181,2,TRUE at J2/A15,J2/B15&GND,TRUE,TRUE,TRUE,DI,PASS
182,3,FALSE at J2/A15,P2/A15&P3/A58,OPEN,OPEN,OPEN,OHMS,PASS
183,4,FALSE at J2/A15,J2/B15&GND,FALSE,FALSE,FALSE,DI,PASS
184,28),GSE DISCRETES:CHANNEL-3 SW INTGR-IC,,,,,,
186,1,TRUE at J2/A17,P2/A17&P3/A59,0,10,6.079146,OHMS,PASS
187,2,TRUE at J2/A17,J2/B17&GND,TRUE,TRUE,TRUE,DI,PASS
188,3,FALSE at J2/A17,P2/A17&P3/A60,OPEN,OPEN,OPEN,OHMS,PASS
189,4,FALSE at J2/A17,J2/B17&GND,FALSE,FALSE,FALSE,DI,PASS
190,29),GSE DISCRETES:CHANNEL-3 FAULT SELECT,,,,,,
192,1,TRUE at J2/A18,P2/A18&P3/A61,0,10,3.124032,OHMS,PASS
193,2,TRUE at J2/A18,J2/B18&GND,TRUE,TRUE,TRUE,DI,PASS
194,3,FALSE at J2/A18,P2/A18&P3/A62,OPEN,OPEN,OPEN,OHMS,PASS
195,4,FALSE at J2/A18,J2/B18&GND,FALSE,FALSE,FALSE,DI,PASS
196,30),GSE DISCRETES:CHANNEL-3 TEST INPUT,,,,,,
198,1,TRUE at J2/A19,P2/A19&P3/A63,0,10,3.365766,OHMS,PASS
199,2,TRUE at J2/A19,J2/B19&GND,TRUE,TRUE,TRUE,DI,PASS
200,3,FALSE at J2/A19,P2/A19&P3/A64,OPEN,OPEN,OPEN,OHMS,PASS
201,4,FALSE at J2/A19,J2/B19&GND,FALSE,FALSE,FALSE,DI,PASS
202,31),GSE DISCRETES:CHANNEL-3 GSE CONNECTED,,,,,,
204,1,TRUE at J2/A20,P2/A20&P3/A65,0,10,3.676642,OHMS,PASS
205,2,TRUE at J2/A20,J2/B20&GND,TRUE,TRUE,TRUE,DI,PASS
206,3,FALSE at J2/A20,P2/A20&P3/A66,OPEN,OPEN,OPEN,OHMS,PASS
207,4,FALSE at J2/A20,J2/B20&GND,FALSE,FALSE,FALSE,DI,PASS
208,32),GSE DISCRETES:CHANNEL-3 EPROM ENABLE,,,,,,
210,1,TRUE at J2/A21,P2/A21&P3/A67,0,10,3.780571,OHMS,PASS
211,2,TRUE at J2/A21,J2/B21&GND,TRUE,TRUE,TRUE,DI,PASS
212,3,FALSE at J2/A21,P2/A21&P3/A68,OPEN,OPEN,OPEN,OHMS,PASS
213,4,FALSE at J2/A21,J2/B21&GND,FALSE,FALSE,FALSE,DI,PASS
214,33),GSE DISCRETES:CHANNEL-3 HW RESET,,,,,,
216,1,TRUE at J2/A22,P2/A22&P3/A69,0,10,2.884415,OHMS,PASS
217,2,TRUE at J2/A22,J2/B22&GND,TRUE,TRUE,TRUE,DI,PASS
218,3,FALSE at J2/A22,P2/A22&P3/A70,OPEN,OPEN,OPEN,OHMS,PASS
219,4,FALSE at J2/A22,J2/B22&GND,FALSE,FALSE,FALSE,DI,PASS
220,34),GSE DISCRETES:CHANNEL-3 SW RESET,,,,,,
222,1,TRUE at J2/A23,P2/A23&P3/A71,0,10,3.505631,OHMS,PASS
223,2,TRUE at J2/A23,J2/B23&GND,TRUE,TRUE,TRUE,DI,PASS
224,3,FALSE at J2/A23,P2/A23&P3/A72,OPEN,OPEN,OPEN,OHMS,PASS
225,4,FALSE at J2/A23,J2/B23&GND,FALSE,FALSE,FALSE,DI,PASS
226,35),GSE DISCRETES:CHANNEL-4 SW INTGR-IC,,,,,,
228,1,TRUE at J2/A25,P2/A25&P3/A73,0,10,3.043113,OHMS,PASS
229,2,TRUE at J2/A25,J2/B25&GND,TRUE,TRUE,TRUE,DI,PASS
230,3,FALSE at J2/A25,P2/A25&P3/A74,OPEN,OPEN,OPEN,OHMS,PASS
231,4,FALSE at J2/A25,J2/B25&GND,FALSE,FALSE,FALSE,DI,PASS
232,36),GSE DISCRETES:CHANNEL-4 FAULT SELECT,,,,,,
234,1,TRUE at J2/A26,P2/A26&P3/A75,0,10,4.132699,OHMS,PASS
235,2,TRUE at J2/A26,J2/B26&GND,TRUE,TRUE,TRUE,DI,PASS
236,3,FALSE at J2/A26,P2/A26&P3/A76,OPEN,OPEN,OPEN,OHMS,PASS
237,4,FALSE at J2/A26,J2/B26&GND,FALSE,FALSE,FALSE,DI,PASS
238,37),GSE DISCRETES:CHANNEL-4 TEST INPUT,,,,,,
240,1,TRUE at J2/A27,P2/A27&P3/A77,0,10,3.120814,OHMS,PASS
241,2,TRUE at J2/A27,J2/B27&GND,TRUE,TRUE,TRUE,DI,PASS
242,3,FALSE at J2/A27,P2/A27&P3/A78,OPEN,OPEN,OPEN,OHMS,PASS
243,4,FALSE at J2/A27,J2/B27&GND,FALSE,FALSE,FALSE,DI,PASS
244,38),GSE DISCRETES:CHANNEL-4 GSE CONNECTED,,,,,,
246,1,TRUE at J2/A28,P2/A28&P3/A79,0,10,4.00302,OHMS,PASS
247,2,TRUE at J2/A28,J2/B28&GND,TRUE,TRUE,TRUE,DI,PASS
248,3,FALSE at J2/A28,P2/A28&P3/A80,OPEN,OPEN,OPEN,OHMS,PASS
249,4,FALSE at J2/A28,J2/B28&GND,FALSE,FALSE,FALSE,DI,PASS
250,39),GSE DISCRETES:CHANNEL-4 EPROM ENABLE,,,,,,
252,1,TRUE at J2/A29,P2/A29&P3/A81,0,10,4.650201,OHMS,PASS
253,2,TRUE at J2/A29,J2/B29&GND,TRUE,TRUE,TRUE,DI,PASS
254,3,FALSE at J2/A29,P2/A29&P3/A82,OPEN,OPEN,OPEN,OHMS,PASS
255,4,FALSE at J2/A29,J2/B29&GND,FALSE,FALSE,FALSE,DI,PASS
256,40),GSE DISCRETES:CHANNEL-4 HW RESET,,,,,,
258,1,TRUE at J2/A30,P2/A30&P3/A83,0,10,3.004564,OHMS,PASS
259,2,TRUE at J2/A30,J2/B30&GND,TRUE,TRUE,TRUE,DI,PASS
260,3,FALSE at J2/A30,P2/A30&P3/A84,OPEN,OPEN,OPEN,OHMS,PASS
261,4,FALSE at J2/A30,J2/B30&GND,FALSE,FALSE,FALSE,DI,PASS
262,41),GSE DISCRETES:CHANNEL-4 SW RESET,,,,,,
264,1,TRUE at J2/A31,P2/A31&P3/A85,0,10,8.0956,OHMS,PASS
265,2,TRUE at J2/A31,J2/B31&GND,TRUE,TRUE,TRUE,DI,PASS
266,3,FALSE at J2/A31,P2/A31&P3/A86,OPEN,OPEN,OPEN,OHMS,PASS
267,4,FALSE at J2/A31,J2/B31&GND,FALSE,FALSE,FALSE,DI,PASS
268,42),GSE TEST OUTPUTS:CHANNEL-1 TEST OUTPUT-1,,,,,,
270,1,FALSE at J1/A1,at P3/A22,22.864,23.796,23.305935,mA,PASS
271,2,FALSE at J1/A1,at J2/C12,TRUE,TRUE,TRUE,DI,PASS
273,3,FALSE at J1/A1,at P3/A22,-0.1,0.1,0.000024,mA,PASS
274,4,FALSE at J1/A1,at J2/C12,FALSE,FALSE,FALSE,DI,PASS
275,5,TRUE at J1/A1,at P3/A22,-0.1,0.1,-0.000024,mA,PASS
276,6,TRUE at J1/A1,at J2/C12,TRUE,TRUE,TRUE,DI,PASS
277,7,TRUE at J1/A1,at P3/A22,-0.1,0.1,0.000024,mA,PASS
278,8,TRUE at J1/A1,at J2/C12,FALSE,FALSE,FALSE,DI,PASS
279,43),GSE TEST OUTPUTS:CHANNEL-2 TEST OUTPUT-1,,,,,,
281,1,FALSE at J1/A5,at P3/B22,22.864,23.796,23.29961,mA,PASS
282,2,FALSE at J1/A5,at J2/C13,TRUE,TRUE,TRUE,DI,PASS
283,3,FALSE at J1/A5,at P3/B22,-0.1,0.1,0.000022,mA,PASS
284,4,FALSE at J1/A5,at J2/C13,FALSE,FALSE,FALSE,DI,PASS
285,5,TRUE at J1/A5,at P3/B22,-0.1,0.1,0.000041,mA,PASS
286,6,TRUE at J1/A5,at J2/C13,TRUE,TRUE,TRUE,DI,PASS
287,7,TRUE at J1/A5,at P3/B22,-0.1,0.1,0.000024,mA,PASS
288,8,TRUE at J1/A5,at J2/C13,FALSE,FALSE,FALSE,DI,PASS
289,44),GSE TEST OUTPUTS:CHANNEL-3 TEST OUTPUT-1,,,,,,
291,1,FALSE at J1/A9,at P3/A27,22.864,23.796,23.303263,mA,PASS
292,2,FALSE at J1/A9,at J2/C14,TRUE,TRUE,TRUE,DI,PASS
293,3,FALSE at J1/A9,at P3/A27,-0.1,0.1,0.000021,mA,PASS
294,4,FALSE at J1/A9,at J2/C14,FALSE,FALSE,FALSE,DI,PASS
295,5,TRUE at J1/A9,at P3/A27,-0.1,0.1,-0.000005,mA,PASS
296,6,TRUE at J1/A9,at J2/C14,TRUE,TRUE,TRUE,DI,PASS
297,7,TRUE at J1/A9,at P3/A27,-0.1,0.1,0.000024,mA,PASS
298,8,TRUE at J1/A9,at J2/C14,FALSE,FALSE,FALSE,DI,PASS
299,45),GSE TEST OUTPUTS:CHANNEL-4 TEST OUTPUT-1,,,,,,
301,1,FALSE at J1/A13,at P3/B27,22.864,23.796,23.308341,mA,PASS
302,2,FALSE at J1/A13,at J2/C15,TRUE,TRUE,TRUE,DI,PASS
303,3,FALSE at J1/A13,at P3/B27,-0.1,0.1,0.00002,mA,PASS
304,4,FALSE at J1/A13,at J2/C15,FALSE,FALSE,FALSE,DI,PASS
305,5,TRUE at J1/A13,at P3/B27,-0.1,0.1,0.000042,mA,PASS
307,6,TRUE at J1/A13,at J2/C15,TRUE,TRUE,TRUE,DI,PASS
308,7,TRUE at J1/A13,at P3/B27,-0.1,0.1,0.000022,mA,PASS
309,8,TRUE at J1/A13,at J2/C15,FALSE,FALSE,FALSE,DI,PASS
310,46),GSE TEST OUTPUTS:CHANNEL-1 TEST OUTPUT-2,,,,,,
312,1,FALSE at J1/A2,at P3/A23,22.864,23.796,23.285504,mA,PASS
313,2,FALSE at J1/A2,at J2/C17,TRUE,TRUE,TRUE,DI,PASS
314,3,FALSE at J1/A2,at P3/A23,-0.1,0.1,0.000022,mA,PASS
315,4,FALSE at J1/A2,at J2/C17,FALSE,FALSE,FALSE,DI,PASS
316,5,TRUE at J1/A2,at P3/A23,-0.1,0.1,-0.000012,mA,PASS
317,6,TRUE at J1/A2,at J2/C17,TRUE,TRUE,TRUE,DI,PASS
318,7,TRUE at J1/A2,at P3/A23,-0.1,0.1,0.000025,mA,PASS
319,8,TRUE at J1/A2,at J2/C17,FALSE,FALSE,FALSE,DI,PASS
320,47),GSE TEST OUTPUTS:CHANNEL-2 TEST OUTPUT-2,,,,,,
322,1,FALSE at J1/A6,at P3/B23,22.864,23.796,23.308073,mA,PASS
323,2,FALSE at J1/A6,at J2/C18,TRUE,TRUE,TRUE,DI,PASS
324,3,FALSE at J1/A6,at P3/B23,-0.1,0.1,0.000022,mA,PASS
325,4,FALSE at J1/A6,at J2/C18,FALSE,FALSE,FALSE,DI,PASS
326,5,TRUE at J1/A6,at P3/B23,-0.1,0.1,0.00004,mA,PASS
327,6,TRUE at J1/A6,at J2/C18,TRUE,TRUE,TRUE,DI,PASS
328,7,TRUE at J1/A6,at P3/B23,-0.1,0.1,0.000025,mA,PASS
329,8,TRUE at J1/A6,at J2/C18,FALSE,FALSE,FALSE,DI,PASS
330,48),GSE TEST OUTPUTS:CHANNEL-3 TEST OUTPUT-2,,,,,,
331,SL NO.,INPUT POINT,OUTPUT POINT,LOWER,UPPER,MEASURED,UNITS,RESULT
333,1,FALSE at J1/A10,at P3/A28,22.864,23.796,23.288985,mA,PASS
334,2,FALSE at J1/A10,at J2/C19,TRUE,TRUE,TRUE,DI,PASS
335,3,FALSE at J1/A10,at P3/A28,-0.1,0.1,0.000023,mA,PASS
336,4,FALSE at J1/A10,at J2/C19,FALSE,FALSE,FALSE,DI,PASS
337,5,TRUE at J1/A10,at P3/A28,-0.1,0.1,0.000013,mA,PASS
338,6,TRUE at J1/A10,at J2/C19,TRUE,TRUE,TRUE,DI,PASS
339,7,TRUE at J1/A10,at P3/A28,-0.1,0.1,0.000023,mA,PASS
340,8,TRUE at J1/A10,at J2/C19,FALSE,FALSE,FALSE,DI,PASS
341,49),GSE TEST OUTPUTS:CHANNEL-4 TEST OUTPUT-2,,,,,,
343,1,FALSE at J1/A14,at P3/B28,22.864,23.796,23.303417,mA,PASS
344,2,FALSE at J1/A14,at J2/C20,TRUE,TRUE,TRUE,DI,PASS
345,3,FALSE at J1/A14,at P3/B28,-0.1,0.1,0.000022,mA,PASS
346,4,FALSE at J1/A14,at J2/C20,FALSE,FALSE,FALSE,DI,PASS
347,5,TRUE at J1/A14,at P3/B28,-0.1,0.1,-0.000012,mA,PASS
348,6,TRUE at J1/A14,at J2/C20,TRUE,TRUE,TRUE,DI,PASS
349,7,TRUE at J1/A14,at P3/B28,-0.1,0.1,0.000023,mA,PASS
350,8,TRUE at J1/A14,at J2/C20,FALSE,FALSE,FALSE,DI,PASS
351,50),GSE TEST OUTPUTS:CHANNEL-1 TEST OUTPUT-3,,,,,,
353,1,FALSE at J1/A3,at P3/A24,22.864,23.796,23.298845,mA,PASS
354,2,FALSE at J1/A3,at J2/C21,TRUE,TRUE,TRUE,DI,PASS
355,3,FALSE at J1/A3,at P3/A24,-0.1,0.1,0.000023,mA,PASS
356,4,FALSE at J1/A3,at J2/C21,FALSE,FALSE,FALSE,DI,PASS
357,5,TRUE at J1/A3,at P3/A24,-0.1,0.1,-0.000034,mA,PASS
358,6,TRUE at J1/A3,at J2/C21,TRUE,TRUE,TRUE,DI,PASS
359,7,TRUE at J1/A3,at P3/A24,-0.1,0.1,0.000024,mA,PASS
360,8,TRUE at J1/A3,at J2/C21,FALSE,FALSE,FALSE,DI,PASS
361,51),GSE TEST OUTPUTS:CHANNEL-2 TEST OUTPUT-3,,,,,,
363,1,FALSE at J1/A7,at P3/B24,22.864,23.796,23.282912,mA,PASS
364,2,FALSE at J1/A7,at J2/C22,TRUE,TRUE,TRUE,DI,PASS
365,3,FALSE at J1/A7,at P3/B24,-0.1,0.1,0.000023,mA,PASS
366,4,FALSE at J1/A7,at J2/C22,FALSE,FALSE,FALSE,DI,PASS
367,5,TRUE at J1/A7,at P3/B24,-0.1,0.1,0.000049,mA,PASS
368,6,TRUE at J1/A7,at J2/C22,TRUE,TRUE,TRUE,DI,PASS
369,7,TRUE at J1/A7,at P3/B24,-0.1,0.1,0.000023,mA,PASS
370,8,TRUE at J1/A7,at J2/C22,FALSE,FALSE,FALSE,DI,PASS
371,52),GSE TEST OUTPUTS:CHANNEL-3 TEST OUTPUT-3,,,,,,
374,1,FALSE at J1/A11,at P3/A29,22.864,23.796,23.309079,mA,PASS
375,2,FALSE at J1/A11,at J2/C23,TRUE,TRUE,TRUE,DI,PASS
376,3,FALSE at J1/A11,at P3/A29,-0.1,0.1,0.000021,mA,PASS
377,4,FALSE at J1/A11,at J2/C23,FALSE,FALSE,FALSE,DI,PASS
378,5,TRUE at J1/A11,at P3/A29,-0.1,0.1,0.000048,mA,PASS
379,6,TRUE at J1/A11,at J2/C23,TRUE,TRUE,TRUE,DI,PASS
380,7,TRUE at J1/A11,at P3/A29,-0.1,0.1,0.000023,mA,PASS
381,8,TRUE at J1/A11,at J2/C23,FALSE,FALSE,FALSE,DI,PASS
382,53),GSE TEST OUTPUTS:CHANNEL-4 TEST OUTPUT-3,,,,,,
384,1,FALSE at J1/A15,at P3/B29,22.864,23.796,23.313037,mA,PASS
385,2,FALSE at J1/A15,at J2/C24,TRUE,TRUE,TRUE,DI,PASS
386,3,FALSE at J1/A15,at P3/B29,-0.1,0.1,0.000022,mA,PASS
387,4,FALSE at J1/A15,at J2/C24,FALSE,FALSE,FALSE,DI,PASS
388,5,TRUE at J1/A15,at P3/B29,-0.1,0.1,0.000044,mA,PASS
389,6,TRUE at J1/A15,at J2/C24,TRUE,TRUE,TRUE,DI,PASS
390,7,TRUE at J1/A15,at P3/B29,-0.1,0.1,0.000026,mA,PASS
391,8,TRUE at J1/A15,at J2/C24,FALSE,FALSE,FALSE,DI,PASS
392,54),GSE TEST OUTPUTS:CHANNEL-1 TEST OUTPUT-4,,,,,,
394,1,FALSE at J1/A4,at P3/A25,22.864,23.796,23.287229,mA,PASS
395,2,FALSE at J1/A4,at J2/C25,TRUE,TRUE,TRUE,DI,PASS
396,3,FALSE at J1/A4,at P3/A25,-0.1,0.1,0.000023,mA,PASS
397,4,FALSE at J1/A4,at J2/C25,FALSE,FALSE,FALSE,DI,PASS
398,5,TRUE at J1/A4,at P3/A25,-0.1,0.1,0.000045,mA,PASS
399,6,TRUE at J1/A4,at J2/C25,TRUE,TRUE,TRUE,DI,PASS
400,7,TRUE at J1/A4,at P3/A25,-0.1,0.1,0.000023,mA,PASS
401,8,TRUE at J1/A4,at J2/C25,FALSE,FALSE,FALSE,DI,PASS
402,55),GSE TEST OUTPUTS:CHANNEL-2 TEST OUTPUT-4,,,,,,
404,1,FALSE at J1/A8,at P3/B25,22.864,23.796,23.30038,mA,PASS
405,2,FALSE at J1/A8,at J2/C26,TRUE,TRUE,TRUE,DI,PASS
406,3,FALSE at J1/A8,at P3/B25,-0.1,0.1,0.000021,mA,PASS
407,4,FALSE at J1/A8,at J2/C26,FALSE,FALSE,FALSE,DI,PASS
408,5,TRUE at J1/A8,at P3/B25,-0.1,0.1,0.000023,mA,PASS
409,6,TRUE at J1/A8,at J2/C26,TRUE,TRUE,TRUE,DI,PASS
410,7,TRUE at J1/A8,at P3/B25,-0.1,0.1,0.000024,mA,PASS
411,8,TRUE at J1/A8,at J2/C26,FALSE,FALSE,FALSE,DI,PASS
412,56),GSE TEST OUTPUTS:CHANNEL-3 TEST OUTPUT-4,,,,,,
415,1,FALSE at J1/A12,at P3/A30,22.864,23.796,23.297918,mA,PASS
416,2,FALSE at J1/A12,at J2/C27,TRUE,TRUE,TRUE,DI,PASS
417,3,FALSE at J1/A12,at P3/A30,-0.1,0.1,0.000022,mA,PASS
418,4,FALSE at J1/A12,at J2/C27,FALSE,FALSE,FALSE,DI,PASS
419,5,TRUE at J1/A12,at P3/A30,-0.1,0.1,-0.000021,mA,PASS
420,6,TRUE at J1/A12,at J2/C27,TRUE,TRUE,TRUE,DI,PASS
421,7,TRUE at J1/A12,at P3/A30,-0.1,0.1,0.000023,mA,PASS
422,8,TRUE at J1/A12,at J2/C27,FALSE,FALSE,FALSE,DI,PASS
423,57),GSE TEST OUTPUTS:CHANNEL-4 TEST OUTPUT-4,,,,,,
425,1,FALSE at J1/A16,at P3/B30,22.864,23.796,23.301055,mA,PASS
426,2,FALSE at J1/A16,at J2/C28,TRUE,TRUE,TRUE,DI,PASS
427,3,FALSE at J1/A16,at P3/B30,-0.1,0.1,0.000022,mA,PASS
428,4,FALSE at J1/A16,at J2/C28,FALSE,FALSE,FALSE,DI,PASS
429,5,TRUE at J1/A16,at P3/B30,-0.1,0.1,0.000044,mA,PASS
430,6,TRUE at J1/A16,at J2/C28,TRUE,TRUE,TRUE,DI,PASS
431,7,TRUE at J1/A16,at P3/B30,-0.1,0.1,0.000023,mA,PASS
432,8,TRUE at J1/A16,at J2/C28,FALSE,FALSE,FALSE,DI,PASS
433,58),GSE TEST DA-MON:CHANNEL-1 TEST DA-1,,,,,,
435,1,0V at P2/C2 and P2/C1,J3/A7&GND,-0.1,0.1,0.003313,Volts DC,PASS
436,2,9V at P2/C2 and P2/C1,J3/A7&GND,-8.262,-7.938,-8.097525,Volts DC,PASS
437,3,-9V at P2/C2 and P2/C1,J3/A7&GND,7.938,8.262,8.101505,Volts DC,PASS
438,59),GSE TEST DA-MON:CHANNEL-1 TEST DA-2,,,,,,
440,4,0V at P2/C1 and P2/C3,J3/A8&GND,-0.1,0.1,0.00235,Volts DC,PASS
441,5,9V at P2/C1 and P2/C3,J3/A8&GND,-8.262,-7.938,-8.100507,Volts DC,PASS
442,6,-9V at P2/C1 and P2/C3,J3/A8&GND,7.938,8.262,8.10479,Volts DC,PASS
443,60),GSE TEST DA-MON:CHANNEL-2 TEST DA-1,,,,,,
445,1,0V at P2/C5 and P2/C4,J3/A9&GND,-0.1,0.1,0.002162,Volts DC,PASS
446,2,9V at P2/C5 and P2/C4,J3/A9&GND,-8.262,-7.938,-8.10123,Volts DC,PASS
447,3,-9V at P2/C5 and P2/C4,J3/A9&GND,7.938,8.262,8.105415,Volts DC,PASS
448,61),GSE TEST DA-MON:CHANNEL-2 TEST DA-2,,,,,,
449,,,,LOWER,UPPER,MEASURED,,
450,,,,LIMIT,LIMIT,VALUE,,
451,4,0V at P2/C6 and P2/C4,J3/A10&GND,-0.1,0.1,0.002071,Volts DC,PASS
452,5,9V at P2/C6 and P2/C4,J3/A10&GND,-8.262,-7.938,-8.101795,Volts DC,PASS
453,6,-9V at P2/C6 and P2/C4,J3/A10&GND,7.938,8.262,8.105943,Volts DC,PASS
454,62),GSE TEST DA-MON:CHANNEL-3 TEST DA-1,,,,,,
456,1,0V at P2/C8 and P2/C7,J3/A11&GND,-0.1,0.1,0.00211,Volts DC,PASS
457,2,9V at P2/C8 and P2/C7,J3/A11&GND,-8.262,-7.938,-8.104379,Volts DC,PASS
458,3,-9V at P2/C8 and P2/C7,J3/A11&GND,7.938,8.262,8.108626,Volts DC,PASS
459,63),GSE TEST DA-MON:CHANNEL-3 TEST DA-2,,,,,,
462,4,0V at P2/C9 and P2/C7,J3/A12&GND,-0.1,0.1,0.002064,Volts DC,PASS
463,5,9V at P2/C9 and P2/C7,J3/A12&GND,-8.262,-7.938,-8.099089,Volts DC,PASS
464,6,-9V at P2/C9 and P2/C7,J3/A12&GND,7.938,8.262,8.103211,Volts DC,PASS
465,64),GSE TEST DA-MON:CHANNEL-4 TEST DA-1,,,,,,
467,1,0V at P2/C11 and P2/C10,J3/A13&GND,-0.1,0.1,0.002019,Volts DC,PASS
468,2,9V at P2/C11 and P2/C10,J3/A13&GND,-8.262,-7.938,-8.100948,Volts DC,PASS
469,3,-9V at P2/C11 and P2/C10,J3/A13&GND,7.938,8.262,8.105091,Volts DC,PASS
470,65),GSE TEST DA-MON:CHANNEL-4 TEST DA-2,,,,,,
472,4,0V at P2/C12 and P2/C10,J3/A14&GND,-0.1,0.1,0.002103,Volts DC,PASS
473,5,9V at P2/C12 and P2/C10,J3/A14&GND,-8.262,-7.938,-8.102482,Volts DC,PASS
474,6,-9V at P2/C12 and P2/C10,J3/A14&GND,7.938,8.262,8.106749,Volts DC,PASS
475,66),GSE DISCRETES:CHANNEL-1 MBIT,,,,,,
478,1,FALSE at J1/B13,P3/C7&P2/C25,OPEN,OPEN,OPEN,OHMS,PASS
479,2,FALSE at J1/B13,J1/C1&GND,TRUE,TRUE,TRUE,DI,PASS
480,3,TRUE at J1/B13,P3/C7&P2/C26,0,10,3.440996,OHMS,PASS
481,4,TRUE at J1/B13,J1/C1&GND,FALSE,FALSE,FALSE,DI,PASS
482,67),GSE DISCRETES:CHANNEL-2 MBIT,,,,,,
484,1,FALSE at J1/B14,P3/C14&P2/C27,OPEN,OPEN,OPEN,OHMS,PASS
485,2,FALSE at J1/B14,J1/C2&GND,TRUE,TRUE,TRUE,DI,PASS
486,3,TRUE at J1/B14,P3/C14&P2/C28,0,10,3.457657,OHMS,PASS
487,4,TRUE at J1/B14,J1/C2&GND,FALSE,FALSE,FALSE,DI,PASS
491,1,FALSE at J1/B15,P3/C18&P2/C29,OPEN,OPEN,OPEN,OHMS,PASS
492,2,FALSE at J1/B15,J1/C3&GND,TRUE,TRUE,TRUE,DI,PASS
493,3,TRUE at J1/B15,P3/C18&P2/C30,0,10,3.545523,OHMS,PASS
494,4,TRUE at J1/B15,J1/C3&GND,FALSE,FALSE,FALSE,DI,PASS
495,69),GSE DISCRETES:CHANNEL-4 MBIT,,,,,,
497,1,FALSE at J1/B16,P3/C31&P2/C31,OPEN,OPEN,OPEN,OHMS,PASS
498,2,FALSE at J1/B16,J1/C4&GND,TRUE,TRUE,TRUE,DI,PASS
499,3,TRUE at J1/B16,P3/C31&P2/C32,0,10,3.903929,OHMS,PASS
500,4,TRUE at J1/B16,J1/C4&GND,FALSE,FALSE,FALSE,DI,PASS
501,70),FTI DISCRETES:CHANNEL-1 FTI FCS FAIL MON,,,,,,
503,1,OPEN at P3/C28,J2/C1&GND,FALSE,FALSE,FALSE,DI,PASS
504,2,0V at  P3/C28,J2/C1&GND,TRUE,TRUE,TRUE,DI,PASS
505,3,5V at  P3/C28,J2/C1&GND,FALSE,FALSE,FALSE,DI,PASS
506,71),FTI DISCRETES:CHANNEL-1 FTI  DBU ENG MON,,,,,,
508,1,OPEN at P3/C16,J2/C2&GND,FALSE,FALSE,FALSE,DI,PASS
509,2,0V at  P3/C16,J2/C2&GND,TRUE,TRUE,TRUE,DI,PASS
510,3,5V at  P3/C16,J2/C2&GND,FALSE,FALSE,FALSE,DI,PASS
511,72),FTI DISCRETES:CHANNEL-1 FTI RWOW MON,,,,,,
513,1,OPEN at P3/C20,J2/C3&GND,FALSE,FALSE,FALSE,DI,PASS
514,2,0V at  P3/C20,J2/C3&GND,TRUE,TRUE,TRUE,DI,PASS
515,3,5V at  P3/C20,J2/C3&GND,FALSE,FALSE,FALSE,DI,PASS
516,73),FTI DISCRETES:CHANNEL-1 FTI NWOW MON,,,,,,
519,1,OPEN at P3/C29,J2/C4&GND,FALSE,FALSE,FALSE,DI,PASS
520,2,0V at  P3/C29,J2/C4&GND,TRUE,TRUE,TRUE,DI,PASS
521,3,5V at  P3/C29,J2/C4&GND,FALSE,FALSE,FALSE,DI,PASS
522,74),FTI DISCRETES:CHANNEL-2 FTI ABPOS MON,,,,,,
524,1,OPEN at P3/C17,J2/C5&GND,FALSE,FALSE,FALSE,DI,PASS
525,2,0V at  P3/C17,J2/C5&GND,TRUE,TRUE,TRUE,DI,PASS
526,3,5V at  P3/C17,J2/C5&GND,FALSE,FALSE,FALSE,DI,PASS
527,75),FTI DISCRETES:CHANNEL-2 FTI APENG MON,,,,,,
529,1,OPEN at P3/C21,J2/C6&GND,FALSE,FALSE,FALSE,DI,PASS
530,2,0V at  P3/C21,J2/C6&GND,TRUE,TRUE,TRUE,DI,PASS
531,3,5V at  P3/C21,J2/C6&GND,FALSE,FALSE,FALSE,DI,PASS
532,76),FTI DISCRETES:CHANNEL-2 FTI LWOW MON,,,,,,
534,1,OPEN at P3/C30,J2/C7&GND,FALSE,FALSE,FALSE,DI,PASS
535,2,0V at  P3/C30,J2/C7&GND,TRUE,TRUE,TRUE,DI,PASS
536,3,5V at  P3/C30,J2/C7&GND,FALSE,FALSE,FALSE,DI,PASS
537,77),FTI DISCRETES:CHANNEL-2 SPARE1,,,,,,
539,SL NO.,INPUT POINT,OUTPUT POINT,LIMIT,LIMIT,VALUE,UNITS,RESULT
540,1,OPEN at P2/B29,J2/C29&GND,FALSE,FALSE,FALSE,DI,PASS
541,2,0V at  P2/B29,J2/C29&GND,TRUE,TRUE,TRUE,DI,PASS
542,3,5V at  P2/B29,J2/C29&GND,FALSE,FALSE,FALSE,DI,PASS
543,78),FTI DISCRETES:CHANNEL-2 SPARE2,,,,,,
545,1,OPEN at P2/B30,J2/C30&GND,FALSE,FALSE,FALSE,DI,PASS
546,2,0V at  P2/B30,J2/C30&GND,TRUE,TRUE,TRUE,DI,PASS
547,3,5V at  P2/B30,J2/C30&GND,FALSE,FALSE,FALSE,DI,PASS
548,79),FTI DFCC HEALTH:CHANNEL-1,,,,,,
550,1,FALSE at  J1/B9,at P2/C21,22.864,23.796,23.283194,mA,PASS
551,2,FALSE at  J1/B9,at J2/C8,TRUE,TRUE,TRUE,DI,PASS
552,3,FALSE at  J1/B9,at P2/C21,-0.1,0.1,0.000026,mA,PASS
553,4,FALSE at  J1/B9,at J2/C8,FALSE,FALSE,FALSE,DI,PASS
554,5,TRUE at  J1/B9,at P2/C21,-0.1,0.1,0.000019,mA,PASS
555,6,TRUE at  J1/B9,at J2/C8,TRUE,TRUE,TRUE,DI,PASS
556,7,TRUE at  J1/B9,at P2/C21,-0.1,0.1,0.000022,mA,PASS
557,8,TRUE at  J1/B9,at J2/C8,FALSE,FALSE,FALSE,DI,PASS
558,80),FTI DFCC HEALTH:CHANNEL-2,,,,,,
560,1,FALSE at  J1/B10,at P2/C22,22.864,23.796,23.303704,mA,PASS
561,2,FALSE at  J1/B10,at J2/C9,TRUE,TRUE,TRUE,DI,PASS
562,3,FALSE at  J1/B10,at P2/C22,-0.1,0.1,0.000021,mA,PASS
563,4,FALSE at  J1/B10,at J2/C9,FALSE,FALSE,FALSE,DI,PASS
564,5,TRUE at  J1/B10,at P2/C22,-0.1,0.1,0.000033,mA,PASS
565,6,TRUE at  J1/B10,at J2/C9,TRUE,TRUE,TRUE,DI,PASS
566,7,TRUE at  J1/B10,at P2/C22,-0.1,0.1,0.000023,mA,PASS
567,8,TRUE at  J1/B10,at J2/C9,FALSE,FALSE,FALSE,DI,PASS
568,81),FTI DFCC HEALTH:CHANNEL-3,,,,,,
570,1,FALSE at  J1/B11,at P2/C23,22.864,23.796,23.302077,mA,PASS
571,2,FALSE at  J1/B11,at J2/C10,TRUE,TRUE,TRUE,DI,PASS
572,3,FALSE at  J1/B11,at P2/C23,-0.1,0.1,0.000019,mA,PASS
573,4,FALSE at  J1/B11,at J2/C10,FALSE,FALSE,FALSE,DI,PASS
574,5,TRUE at  J1/B11,at P2/C23,-0.1,0.1,-0.000029,mA,PASS
575,6,TRUE at  J1/B11,at J2/C10,TRUE,TRUE,TRUE,DI,PASS
576,7,TRUE at  J1/B11,at P2/C23,-0.1,0.1,0.000022,mA,PASS
577,8,TRUE at  J1/B11,at J2/C10,FALSE,FALSE,FALSE,DI,PASS
578,82),FTI DFCC HEALTH:CHANNEL-4,,,,,,
580,1,FALSE at  J1/B12,at P2/C24,22.864,23.796,23.288879,mA,PASS
581,2,FALSE at  J1/B12,at J2/C11,TRUE,TRUE,TRUE,DI,PASS
582,3,FALSE at  J1/B12,at P2/C24,-0.1,0.1,0.000023,mA,PASS
583,4,FALSE at  J1/B12,at J2/C11,FALSE,FALSE,FALSE,DI,PASS
584,5,TRUE at  J1/B12,at P2/C24,-0.1,0.1,0.000042,mA,PASS
585,6,TRUE at  J1/B12,at J2/C11,TRUE,TRUE,TRUE,DI,PASS
586,7,TRUE at  J1/B12,at P2/C24,-0.1,0.1,0.000023,mA,PASS
587,8,TRUE at  J1/B12,at J2/C11,FALSE,FALSE,FALSE,DI,PASS
588,83),FTI MONITORS:CHANNEL-1 FTI STKROL MON,,,,,,
590,1,0V at  P3/C2 and P3/C1,J3/A19&GND,-0.1,0.1,0.006212,Volts DC,PASS
591,2,5V at  P3/C2 and P3/C1,J3/A19&GND,8.82,9.18,8.99693,Volts DC,PASS
592,3,-5V at  P3/C2 and P3/C1,J3/A19&GND,-9.18,-8.82,-8.99273,Volts DC,PASS
593,84),FTI MONITORS:CHANNEL-1 FTI RPPOS MON,,,,,,
595,1,0V at  P3/C23 and P3/C1,J3/A20&GND,-0.1,0.1,0.005302,Volts DC,PASS
596,2,5V at  P3/C23 and P3/C1,J3/A20&GND,8.82,9.18,8.991002,Volts DC,PASS
597,3,-5V at  P3/C23 and P3/C1,J3/A20&GND,-9.18,-8.82,-8.99034,Volts DC,PASS
598,85),FTI MONITORS:CHANNEL-1 FTI LOE POS MON,,,,,,
600,1,0V at  P3/C3 and P3/C1,J3/A21&GND,-0.1,0.1,0.005114,Volts DC,PASS
601,2,5V at  P3/C3 and P3/C1,J3/A21&GND,8.82,9.18,8.993445,Volts DC,PASS
602,3,-5V at  P3/C3 and P3/C1,J3/A21&GND,-9.18,-8.82,-8.98963,Volts DC,PASS
603,86),FTI MONITORS:CHANNEL-1 FTI ROE POS MON,,,,,,
605,1,0V at  P3/C24 and P3/C1,J3/A22&GND,-0.1,0.1,0.00512,Volts DC,PASS
606,2,5V at  P3/C24 and P3/C1,J3/A22&GND,8.82,9.18,8.991534,Volts DC,PASS
607,3,-5V at  P3/C24 and P3/C1,J3/A22&GND,-9.18,-8.82,-8.992428,Volts DC,PASS
608,87),FTI MONITORS:CHANNEL-1 FTI NOR ACCLN  MON,,,,,,
610,1,0V at  P3/C25 and P3/C1,J3/A23&GND,-0.1,0.1,0.005395,Volts DC,PASS
611,2,5V at  P3/C25 and P3/C1,J3/A23&GND,8.82,9.18,8.999763,Volts DC,PASS
612,3,-5V at  P3/C25 and P3/C1,J3/A23&GND,-9.18,-8.82,-8.995977,Volts DC,PASS
613,88),FTI MONITORS:CHANNEL-1 FTI LAOA MON,,,,,,
615,1,0V at  P3/C12 and P3/C1,J3/A24&GND,-0.1,0.1,0.005313,Volts DC,PASS
616,2,5V at  P3/C12 and P3/C1,J3/A24&GND,8.82,9.18,8.99729,Volts DC,PASS
617,3,-5V at  P3/C12 and P3/C1,J3/A24&GND,-9.18,-8.82,-8.993874,Volts DC,PASS
618,89),FTI MONITORS:CHANNEL-1 FTI STA PRS MON,,,,,,
620,1,0V at  P3/C6 and P3/C1,J3/A25&GND,-0.1,0.1,0.005018,Volts DC,PASS
621,2,5V at  P3/C6 and P3/C1,J3/A25&GND,8.82,9.18,8.996365,Volts DC,PASS
622,3,-5V at  P3/C6 and P3/C1,J3/A25&GND,-9.18,-8.82,-8.992289,Volts DC,PASS
623,90),FTI MONITORS:CHANNEL-1 FTI DYN PRS MON,,,,,,
625,1,0V at  P3/C13 and P3/C1,J3/A26&GND,-0.1,0.1,0.005033,Volts DC,PASS
626,2,5V at  P3/C13 and P3/C1,J3/A26&GND,8.82,9.18,8.993768,Volts DC,PASS
627,3,-5V at  P3/C13 and P3/C1,J3/A26&GND,-9.18,-8.82,-8.990342,Volts DC,PASS
628,91),FTI MONITORS:CHANNEL-1 FTI TOT TEMP MON,,,,,,
631,1,0V at  P3/C22 and P3/C1,J3/B4&GND,-0.1,0.1,0.00493,Volts DC,PASS
632,2,5V at  P3/C22 and P3/C1,J3/B4&GND,8.82,9.18,8.996206,Volts DC,PASS
633,3,-5V at  P3/C22 and P3/C1,J3/B4&GND,-9.18,-8.82,-8.992286,Volts DC,PASS
634,92),FTI MONITORS:CHANNEL-1 FTI RAB POS MON,,,,,,
636,1,0V at  P2/C13 and P3/C1,J3/B5&GND,-0.1,0.1,0.004999,Volts DC,PASS
637,2,5V at  P2/C13 and P3/C1,J3/B5&GND,8.82,9.18,8.996619,Volts DC,PASS
638,3,-5V at  P2/C13 and P3/C1,J3/B5&GND,-9.18,-8.82,-8.992886,Volts DC,PASS
639,93),FTI MONITORS:CHANNEL-1 FTI PIT RATE MON,,,,,,
642,1,0V at  P2/C14 and P3/C1,J3/B6&GND,-0.1,0.1,0.005052,Volts DC,PASS
643,2,5V at  P2/C14 and P3/C1,J3/B6&GND,8.82,9.18,8.997686,Volts DC,PASS
644,3,-5V at  P2/C14 and P3/C1,J3/B6&GND,-9.18,-8.82,-8.993591,Volts DC,PASS
645,94),FTI MONITORS:CHANNEL-1 FTI YAW RATE MON,,,,,,
647,1,0V at  P2/C15 and P3/C1,J3/B7&GND,-0.1,0.1,0.005021,Volts DC,PASS
648,2,5V at  P2/C15 and P3/C1,J3/B7&GND,8.82,9.18,8.996152,Volts DC,PASS
649,3,-5V at  P2/C15 and P3/C1,J3/B7&GND,-9.18,-8.82,-8.991885,Volts DC,PASS
650,95),FTI MONITORS:CHANNEL-2 FTI LAT ACCLN MON,,,,,,
652,1,0V at  P3/C5 and P3/C8,J3/A29&GND,-0.1,0.1,0.00382,Volts DC,PASS
653,2,5V at  P3/C5 and P3/C8,J3/A29&GND,8.82,9.18,9.000094,Volts DC,PASS
654,3,-5V at  P3/C5 and P3/C8,J3/A29&GND,-9.18,-8.82,-8.996054,Volts DC,PASS
655,96),FTI MONITORS:CHANNEL-2 FTI RUD POS MON,,,,,,
658,1,0V at  P3/C11 and P3/C8,J3/A28&GND,-0.1,0.1,0.00489,Volts DC,PASS
659,2,5V at  P3/C11 and P3/C8,J3/A28&GND,8.82,9.18,8.998559,Volts DC,PASS
660,3,-5V at  P3/C11 and P3/C8,J3/A28&GND,-9.18,-8.82,-8.994312,Volts DC,PASS
661,97),FTI MONITORS:CHANNEL-2 FTI STK PIT MON,,,,,,
663,1,0V at  P3/C9 and P3/C8,J3/A30&GND,-0.1,0.1,0.00487,Volts DC,PASS
664,2,5V at  P3/C9 and P3/C8,J3/A30&GND,8.82,9.18,9.001271,Volts DC,PASS
665,3,-5V at  P3/C9 and P3/C8,J3/A30&GND,-9.18,-8.82,-8.997266,Volts DC,PASS
666,98),FTI MONITORS:CHANNEL-2 FTI RIE POS MON,,,,,,
668,1,0V at  P3/C4 and P3/C8,J3/B2&GND,-0.1,0.1,0.004993,Volts DC,PASS
669,2,5V at  P3/C4 and P3/C8,J3/B2&GND,8.82,9.18,9.002636,Volts DC,PASS
670,3,-5V at  P3/C4 and P3/C8,J3/B2&GND,-9.18,-8.82,-8.998374,Volts DC,PASS
671,99),FTI MONITORS:CHANNEL-2 FTI LIE POS MON,,,,,,
674,1,0V at  P3/C10 and P3/C8,J3/B1&GND,-0.1,0.1,0.005016,Volts DC,PASS
675,2,5V at  P3/C10 and P3/C8,J3/B1&GND,8.82,9.18,8.99832,Volts DC,PASS
676,3,-5V at  P3/C10 and P3/C8,J3/B1&GND,-9.18,-8.82,-8.993884,Volts DC,PASS
677,100),FTI MONITORS:CHANNEL-2 FTI RAOA/RAOSS MON,,,,,,
679,1,0V at  P3/C26 and P3/C8,J3/B3&GND,-0.1,0.1,0.005094,Volts DC,PASS
680,2,5V at  P3/C26 and P3/C8,J3/B3&GND,8.82,9.18,8.997,Volts DC,PASS
681,3,-5V at  P2/C26 and P3/C8,J3/B3&GND,-9.18,-8.82,-8.992957,Volts DC,PASS
682,101),FTI MONITORS:CHANNEL-2 FTI LAB POS MON,,,,,,
684,1,0V at  P2/C17 and P3/C8,J3/B8&GND,-0.1,0.1,0.004986,Volts DC,PASS
685,2,5V at  P2/C17 and P3/C8,J3/B8&GND,8.82,9.18,8.998634,Volts DC,PASS
686,3,-5V at  P3/C17 and P3/C8,J3/B8&GND,-9.18,-8.82,-8.994375,Volts DC,PASS
687,102),FTI MONITORS:CHANNEL-2 FTI ASA LON MON,,,,,,
690,1,0V at  P3/C27 and P3/C8,J3/A27&GND,-0.1,0.1,0.004992,Volts DC,PASS
691,2,5V at  P3/C27 and P3/C8,J3/A27&GND,8.82,9.18,8.996556,Volts DC,PASS
692,3,-5V at  P3/C27 and P3/C8,J3/A27&GND,-9.18,-8.82,-8.992263,Volts DC,PASS
693,103),FTI MONITORS:CHANNEL-2 FTI ROL RATE MON,,,,,,
695,1,0V at  P2/C18 and P3/C8,J3/B30&GND,-0.1,0.1,0.005012,Volts DC,PASS
696,2,5V at  P2/C18 and P3/C8,J3/B30&GND,8.82,9.18,9.000153,Volts DC,PASS
697,3,-5V at  P2/C18 and P3/C8,J3/B30&GND,-9.18,-8.82,-8.995836,Volts DC,PASS
